Image_ID,Label
nRhHxqLhDlJsiXc,0.23297710136908947
gbSntVovxgHQrmO,0.4876569787936192
nqOobGmvgEOiPms,0.17871129335474245
oIkPTooLcIbZKlF,0.8481094160651304
eSKxsTTJDQzkjgD,0.1291572302833839
fGOKonqqErFfiuK,0.844691296786155
UZPfNzWrCgFaaNz,0.046689883615532474
kvesbcrtTOohiLT,0.30384734068336006
cdEZEDZaveknkKa,0.36474602838752485
GaSSOeqyIktsAmW,0.1661717207586183
HPeQFgWaAXYUudP,0.2855758844184632
QCiNkpJJqhUrhJw,0.19420824664364933
ZghFqBtZjgFNhEd,0.37631236466432433
IypiZpxWuQzqFtX,0.09906613667274372
MpjOfMFyHcLtxEe,0.06901695904769069
jtyOoBrAZpMYhPd,0.4257239762700917
xKSvNuUFXtfsxcL,0.4073792647661994
PxzQoNBqWwxhxHU,0.3281007261793026
eBIGOMITtVDxgco,0.9822964901869274
YGldCVpEhmDhCfB,0.5794445002925762
YsIrfIbUTFAVLuA,0.40621856749783164
BADSMkRmwapihnH,0.30209566637696345
zRjjLRTcHldvsDO,0.5909688079895365
uxiNbcCqYnHBdoT,0.18597683046868915
MEPpiRYJgJLRYpW,0.47165062701763266
YIUlgjNqemMwGtW,0.45884729652939493
jBduUjHTqYJvtVv,0.46025600251185705
yXCylbJUfTvbPcj,0.5964674238752591
OcTWRvWjeDQRbVu,0.7982546132390269
UIRJNpxPYfnOkVk,0.9553939602778556
liaachxlQBtQtrt,0.938671232423934
FRoaAYgXCZAbqhT,0.5929237978830372
XpVRWdOwHqgrAwd,0.7793823170215723
jesIJJxSBMDKKkU,0.8471556561762879
mQTgbtIqRFbiHKR,0.9609607698041198
kYCaCaWHAwiixcL,0.324314127804851
dRjdzOaYOPfIXqT,0.19161227340844383
kqiEGxhjuxITUrt,0.10235347635159013
MGIEIPuEyTyUKoG,0.9391308205071008
KChuIIZYEbXokqa,0.14108107145395826
nOXmmOnZRUrsMsN,0.10739487664299287
blahbLZUXmUQjfs,0.44516933638230977
rgLzgwLcEsqQoFB,0.9225765414483874
eIVcQkttSPownJW,0.38155110929274655
ZSfWLxjUSwJFMHj,0.31801033358034486
oBzJltkaseFBkGv,0.37396897066655743
pNtLdgurKfkyZGk,0.5160124222527283
DvwHNDZgHvhExzq,0.12564178371854084
VVEizBVchRknozY,0.38502448782877613
SwtfDkGcdFdwKhn,0.3678465826850148
SzRvJnmKavZsRDr,0.9307645996374126
ntRzuMHumxJhCbk,0.04809079239994718
NVnfyexBrFknKnQ,0.09247997446126614
VEkCOPvKkAuXpmm,0.9217002627889513
DRCxXJxxcewFNiy,0.94801557491209
hbpVKqpWQHCqWCV,0.31809095566691103
MNuHMWYdgfOZhTk,0.1760539750233383
RtMQAXGzjCOsAsl,0.119513237066113
VlSBtCMhjvudWvL,0.38470965758223596
wspbQyiHSHvjuPq,0.3221582715760991
UiyOTzcWAlZwtwb,0.92766315873022
yuCrUdeBQEglGyM,0.15457848712270472
IfFFTqrtbBBkAtf,0.7998577915581371
VPCrkGLywRqsZQE,0.26025781532349557
QDirabKPmUVazFh,0.05808103937407908
VAdMyfpEssvJSxJ,0.6413410657038402
yJbdMABCMoLmxcI,0.9137252221082086
eXSnwvQRpcKcQSq,0.4395323108552658
wIHAcpLznCzlNRq,0.13666270356517404
YEewfeCAcfLJxVB,0.6311899810458445
IOnpgdLVOPLMvja,0.8359646374367451
xrnISxmaDgyoNDg,0.3311216803917585
DUiDHmwpnawEJac,0.1825188319301932
SWthuAWHktIDZzR,0.572540366466863
GlvTePeJYywzFob,0.22531736296858512
zdWBMXILWOSUdNR,0.15610531240718592
WosNPjFhdvAwrqP,0.21510575065918638
KEQVyOjYBjDhwna,0.04809079239994718
EIIhzgfBIPhKJJs,0.7564046386059752
GimXkKSJQXtPidy,0.048959826940652776
EqoddbdEWkfFJWe,0.5976360807843961
aBJfiAhyCGdJcdd,0.14350927127106838
aWcEuhNurwitUkM,0.3292833587302683
gBpcrdEZwAOrGzm,0.05988701071744156
UJMiOnCbGTyyFSh,0.18578648155755983
oZxooqxYkEhrrvv,0.29566055074155007
nIpAESrtAnvZgAF,0.7033768892326344
beEztzrByabrcHP,0.9835305797795652
UDNtJpAHrVbImZN,0.06326363248679585
MuCWFwiyleFamej,0.4779990045775137
PpjNUqQmXbJXeZn,0.9461533523724912
gqipKOPhkKxPgXA,0.05135033669635197
iOPsTjkwXHGqMIG,0.7840553276405361
nOvXqhAlMQPCaYM,0.18788738664898944
FlwSRiXGcKMpjsp,0.481162048853311
BeAVnZczJKnLHkp,0.7022066889835542
rKWiEbiamZUIMFX,0.13304319978686707
fwhETKOArupQijQ,0.3765099604572409
tufxAMWbhcyoabs,0.9235623969456456
aljEXHqGarOTjtT,0.5975764797555614
RmDHwLtXbDUTqBP,0.36592535843016777
uUWPlqKVkFUXjwR,0.2728045614793094
utfRbnfKwLvPajl,0.10818713228644668
aYUNBkPUOeVojJr,0.1123021578888103
uYefLcooIuBNXkT,0.2998443216626863
ADTbLwWfdRwReul,0.4745868431364546
vrKVYZBacGhnoBl,0.1700553887762361
bbsKBYZEmVAgjsq,0.049340556860517505
scPtfWLPIvTuzyc,0.42051640777687405
EMgYfHWScUoxKPz,0.9030585150153569
yzHXAwOUNQbdvdA,0.9567615397213968
iugMYhGLSrZPisK,0.5405449601009171
bpKOXzguXWZGKns,0.13501895326818553
YwsctieTDJSewUc,0.9835305797795652
gnlrOlFiPjuQcIB,0.9835305797795652
EgogsvxrMBSaqcl,0.2078053208202803
YNSoezaCiKacRUZ,0.04846171157055656
hsRdEbTCndPeVtV,0.15062099881731364
ujIopmCTHooHzGQ,0.14400294635520783
tpPtjwlcaRExHZa,0.27118997928960104
YuXHYzHerdifpDF,0.7588141168788184
SqXgINaVAtUxCav,0.5520403054891212
UQhapaFQrodlyIJ,0.3975571410497763
wQRkGSYkJGQrspl,0.11531426077319282
oKccAERsKEbLsEe,0.9163590105389379
CfgpcmhjifXxJps,0.5196551641175814
wPNoRvGfFtVhKis,0.6122869436584618
rqVFzruWRDTmQRU,0.8228548371399816
HqbWLVaZjRQTNKG,0.48333548456587105
ZEhJSAOKxpxWkiz,0.3498443200614919
DYAgvMmyaJGRjuX,0.08114240468472683
ujaqnROylyQTXZt,0.21497255993782863
WLvZfUoGqfDQiQX,0.9583061837269455
qQqMlAujzgUqyZz,0.5805241440920312
GYyqQtfcMxUbADi,0.05678021127791662
BclHkIsxzLxKblb,0.5940887669243047
YjpwkpmcysgvgNq,0.3816640653306027
dhTtKYfPjaljBSN,0.9835305797795652
oOZkCHeYvXJKXtG,0.4687258979682242
DIlxxqSnVrivKlJ,0.5000376016586126
cuNDKuTFtPrnThZ,0.332246827514473
vyDAqQrfMivZXKr,0.3400466833914262
fEVgGAsTvVZCQue,0.23192139965567957
yTMTpOTYUIDnhil,0.9520509170951325
cmlqluykjXAMJAp,0.6601557971845945
GkBygYyVYFQIdWt,0.4898225169735227
feaDRAhtqQGEPgT,0.9835305797795652
pjvovmocmrdFNvU,0.2609336686965209
WoDSAVIKygzUDqR,0.9558589249940717
WZMhnlbnmrZwRFd,0.04760343828204032
cHPakBvGLbNbRiY,0.5124069188173728
YugfWICQvLtpWgh,0.4794194602877721
TiIDbcaJeBAqyGs,0.1292831066133992
LabqSvlRqAlogeI,0.5161742327411634
owgPcGwZuTyxFxt,0.9835305797795652
aTfSOcEzjIdGrYk,0.4180460019945191
eQldpcrmFBJPOZE,0.1354502997326138
fxCTrUcciCiUYVH,0.9770748038318394
oCyUlEaOTufuQLz,0.6644481176423672
dVMDasIqzWLKWBN,0.08107567787170634
BarINKbSAYIvfxl,0.15370040924042166
gvEZnTMIqSjBOmu,0.20212266715023602
IuseYbfpCMApjma,0.3250528538149597
gfjwBmDvqDfftDQ,0.15005635834501385
AFDbfuMGEQCzsYb,0.8080915252105881
kyCshCvxzRngSPg,0.08825994741928267
OBGejzdNgFudtDi,0.8801670015683059
XuUHBBBFufLjYhf,0.4981129592721011
SpXcKYaFPbsCNZC,0.047321394940163526
RmAVNvKBnjvUEGs,0.25616796630335803
YuJUhIdmxFaNKsh,0.9637208397242383
TBXVnoXuFiMIRsA,0.5763968454990589
UXDhLMNUfhNcPHw,0.36738331339305746
KYLhPSImvpOERwt,0.0472250507230916
clavnlMOlmppeHN,0.966891537163572
NmMhyznAwuJKUyA,0.31317634893263846
kCMVRuroKZTxZJU,0.21607799287277898
LcyDGaJpJYOlXyo,0.05713606148366006
uuvDipOuFRTIVWE,0.4496291900564275
vjnbqBqQFwZjCVb,0.23830203398242455
bEPhrADQOTUHrDf,0.6473523583694271
nefNWdwvQHxYrGV,0.312644734971099
HSfLRQQtSmKCMLD,0.6290861293283697
slYrjWaqjnIoMOl,0.9835305797795652
VZlJgrKsOZUmJZz,0.7875008627853421
ccmQprFjlcLTJKE,0.9625836175900737
VKlPlCeXFWFZtMH,0.9738962496439653
chrcXxwrTFZhNsh,0.9408622993997899
SLmyljqNmQYyxNZ,0.9356490765314012
iPpzzVEMtpHceRV,0.05197915588395937
WmiAjwRGpMaKaEo,0.3695132831106477
aBlHFmxdJwJnAra,0.4830353758456092
LXFofMxsIBEwChC,0.9105762851132425
NCAuIGsyKIIOAOE,0.4078106996229043
dzjTnvxIlykbOBJ,0.05713606148366006
VkAWJYhPMtkQxwc,0.411168298281065
eecEpSEWbGbpJQe,0.2449080874489832
QGpkMgiSTfqtakb,0.6677207983527674
BUaJrIQKEmYDPrE,0.8089848078104145
TbtZagzkGXxDtTe,0.5886602528218566
GDdVEUWvXuJJeLg,0.27942763125376585
YizDlhkOysWMGeq,0.9769697211497473
QjKmCxDeRwxRSbJ,0.04809079239994718
botkuuxicylplCC,0.5994837542545087
lWwzlHtsrxVpHfs,0.45828398605600873
WAQGQQBpEmqTbeE,0.752051404235448
VqvLjYUrCcWJNZm,0.053922783229461854
RkIEgtUggfusSBy,0.3502546249219913
PCqDrGZQITMGABX,0.1735172871364311
KBZyFtuFoKsCYeg,0.24701379123869746
kTGWMOvJocStNVd,0.34976265022675207
ajDqDSAnXaPDSkQ,0.3685112722866872
ETUVeihsSWHCmOh,0.06952553971334487
oWTozxNLfKbZVjb,0.24116768323635582
FspPsAmnCuwMBfi,0.6785806227591386
UZOAAQxfQtGjJHr,0.11455721312585958
XsddZMXSGWqLDJa,0.3145601068328624
pKoyKvtRjEPhwYa,0.40568059707525583
CaAhvyLrYiYSXKQ,0.38653771287121835
IgEeVswuGwOQaBY,0.24765530803522937
yvRLbLVgBUSRCMI,0.8388993910203679
wcBqLiLUlyElrTq,0.8195209869181206
OrKxtjEstiDAeEF,0.9835305797795652
IkKdOtaFnfUVfSv,0.5636261610999144
OtQODlLxgyCzVYA,0.059653755800989534
lUFuNYujpISlNWZ,0.24069191252781247
PKDWoytVkvVlUZf,0.3999616066460731
ZfBZKrTIdoJKGDD,0.9534589345419962
BvnjPtKMSOvJYTU,0.34219601262313426
QfLhhGbitKgRtzU,0.811404919435356
QsmqKyHPRjagqiM,0.835604956771475
htliMIEIBuMVsCF,0.6117961579870682
osUYOlMbpqYONGu,0.14044244969029057
PhbabQvCotctCAM,0.24840428728803662
lCGrudrglRKybsI,0.9694751758460107
RrwvBJnFMYSlbsS,0.2559724737095263
ftsgxzHIetiLJZD,0.20277031098457873
aVZmLCzThAkXkMe,0.04809079239994718
tHdnCTsRnWhsbtg,0.9538401542727893
rwrRraMTghreATk,0.609967468444521
laTbiNvhAkAaNpN,0.4874819946153526
hMoUbKENhVRnTBp,0.046755874987317696
MuCxIrWBpOYhOfx,0.6974122897972134
MVEyNxsSsisilqR,0.6618676708707472
otLnyZCzjqjpQlb,0.9835305797795652
XGSlKIVZeeYlVVv,0.5123703132128091
gCouCeIEreeBKtk,0.11831611497639936
eCkfAawToRoQNRD,0.555418214619029
cuESPSUwcKSIUlN,0.12114125988206803
JycMELyiffDQsdE,0.0585648374410113
yYXXUUVdtLHsUWN,0.36360713395499994
eBajgJyNiyaGcHc,0.34113783256814484
kIWEQhqNIVRjemx,0.39730159118359476
skivkBvDaWPvqbE,0.35817944036364424
ZvcVmYhDtJMbCxj,0.7285313747743484
xTMeyTUKfdtGyfg,0.27003432677669215
OPxgaqJFvwEBGCR,0.3466503892133507
FDXsQKlnFvsMvfe,0.07244235710765615
ifllcrVmkUGOAnk,0.6479848644370213
ohpMHMWArQGIOPb,0.13443828579064626
iACBlsiteiltEuM,0.5304173589770843
WtezsGvwEyyRFBA,0.881097161398439
ayRQnNxspjVfVIs,0.04728873368843031
HUwZrfAjkuOIZaL,0.04879658616875215
FQVQlIkccGzzTVW,0.4550755826467874
txAmxVBlkoXVyqE,0.4280169229807252
nAJZkrKQLooJXHA,0.4715570106331191
qbTVKDrTLWofFcd,0.08188495510211789
qejeXvjoIfCkDag,0.9252410561949344
KiLbjAfYuoqviDy,0.16090937977801126
KYsFZCbtGMqlcez,0.17640062541077028
VjCXhMrhSpeHNWo,0.9528222808173517
IGrcovwjvFWDyvx,0.6608097025620623
maVIYmDMjoMKjhE,0.2128961585665094
zWPAUJbuRHhMSQu,0.38494109378264585
OmVmwvYtSkBWFxz,0.40449822699552374
EDEmUEtmZvKeOCc,0.6003426220285075
WnNDFcGQeWqtNPZ,0.6337102995999915
MXiFiiGSGgRUvVd,0.05268213893872252
JFLveKbkfBJIRer,0.9687583308014622
YoCQmSusMrOjvnn,0.167855513179206
tQzolFeKtVifqJE,0.9835305797795652
lAZpZrHPkEoWYpx,0.580578840681682
ZlBzSvmJWbwxPSy,0.5652846458877729
yAWcRTbERJBGQJH,0.8476134602861487
FMgbbmkRhyHAoim,0.705694148917662
HcEWmJVirkNGHAa,0.40981928839141246
UfVpFTZALimtKeI,0.48248751334640283
geyPYOJanTuByIU,0.9320724875703055
PezYmpwHbdgxINh,0.8880516724773222
sNAiEJYXWdoDood,0.6890656753310432
SBDGThlvTgythko,0.9184428072532158
SXnlyTPMfKWxNEm,0.13790201161855
eAfRSrDwkluPQhE,0.5343957548635726
iPaMHUBKoaFaHmr,0.5671736425451372
fubVriniTsMPHJZ,0.7953386371291856
BCfucDZzxUlygkx,0.8006016125856488
ioQaxSlotTsLiHw,0.5101021686087726
piCuRaelzWNpbkb,0.7631755087607224
NWPTBSXrfsRKcFn,0.08583277022460341
TuMlIAQdnyWUtVk,0.05254243983437307
qrmpxJLtsjULqAB,0.8905507511431904
POzhoYCHjMiQnHk,0.6193321585615116
fmVrHyWMPLaBqoc,0.3056133097089217
TOsLElljZuWHrgy,0.8943089798522665
pTAdnVmEjCDSBgP,0.11346599399410745
jwtWPoUkTuQHXtF,0.14616987128720751
OowPJNoDDKVNeAx,0.046755874987317696
tPADLXKAVAIkVeH,0.05372227742290567
zPjnsmjNiTRSUSP,0.6000643357017864
AkBFKDMIjWxWaQd,0.4635738462783929
bBwBOSVLDdOOwee,0.5182423914293016
VryDDrGwgJjjGmI,0.7646705794506262
UrafZPkWGpEUAyz,0.9105558804031766
jloQKVxEMUFTdSu,0.06093927046500308
itlWwOmzviSSPjn,0.790779897297249
WUjpOyCRTWGsdyj,0.23644896890472472
YosKDqoYNDiPMOI,0.9835305797795652
JKyFKEzIbKbakfI,0.12210082618965463
VLUeCPRfiKMSiio,0.09526420757586414
UBjUEMbozXXvoGw,0.11716373848136248
VuHExtflfEgrLSI,0.11722234039341115
uFaCOcSmCQkQMyD,0.0472250507230916
diPmZGBWONZLxSV,0.06131102825738846
UAnSxEwYPJhqGZh,0.5795827984662754
FltSVIxFHVIvZXB,0.9822964901869274
ZzfPsCiKVhwMTOm,0.626933301974315
hNqrzlNrzReJyfB,0.25951393537037937
SehUjbSkEEcNpmV,0.08789545447461873
CLDVSHfzrsMFqwP,0.2791571140374655
PgPvxqXRqTdYQaO,0.10984307830372927
hpFlBoVPwUksSCh,0.337397786399771
fzHqygQGYHxglSA,0.07220278538394737
JjzhMDEvAcyfKlq,0.32857913245463305
hiwMJLpKRcnHuZV,0.9673671946069646
rvdYgDcKokpMcCj,0.09873361509837492
NCPQIJQqUyeEHsp,0.811404919435356
gbJoADBqvphQLYR,0.08529506167120675
KliNzrsSBnukLeh,0.0629503348958605
DIcIcxoBJqkOvxY,0.6072669677158852
AifvwJodlxylcAL,0.46841096198930937
whdraHvraVQzqSb,0.5561232682157636
EJPRuomvLdfbYEo,0.5303685091734813
aRcIVFYMTWPVkEY,0.4445455005726069
hdPlDlprjeXVbYO,0.3046626793482959
gXZvkuwYPXsbImv,0.187214890374801
yXXwrmtCeiEMVpm,0.600025326124467
xZQCnyCCTDQUHif,0.8202983261695228
QGevqQhjmDszYzV,0.8974386919866965
VkovgfCJBEWnXPE,0.2837642196285198
MdMFMLFGEmtOgkd,0.7442871333310691
BIislYegotEVsWE,0.464138494447661
cxNjNEobxfWYcuX,0.08742804376323707
bbVsjmwkTePQfcy,0.23715390694573563
QarMtIWtjGgsZgp,0.3155214567296405
znunOqVvdejHzUq,0.2874103925825866
uKXAjNiBwnYPPNs,0.3867580592900444
IpnREEtIuQOTaMj,0.960281183649875
KEfSFHDxYkayOLl,0.21338777004060697
XXUDJXxmcUxmZGr,0.2777273221871864
yjipsIzDuZiitex,0.18628144226788296
PvHLBMJJsmfeeqA,0.5327337506493354
LWGMstiXDxZkrOw,0.9835305797795652
JMJXGeEOiZyHoHd,0.9548906257720616
CWcCPuRIelvjbUh,0.8544372999579213
IswoYrorOdRnCBs,0.6058214869929051
wDTGDhWsmdajyPs,0.36538354372714094
cUZAGryoCYhhsml,0.058265960082554996
hhmBztjQnvvzayt,0.975989280069075
zEGexHQEEjmMkMJ,0.0988353261007869
AhIrhloIwylmlUj,0.4359984836063025
BzauGCZXffTpRnv,0.9542668881589869
lgkUZaBzDgXiDLG,0.2527827450089948
OnighztFWZJTJdU,0.3049022898562304
ByhCkBQJmHYQzYo,0.16548897982731206
jjiIVYhsWwKvhOh,0.9352349279084713
QaumosOonGvvlJa,0.6695527114127787
mkfezRnEeMSjnAT,0.9835305797795652
VtRyjIDMnubTUGw,0.2628651030243953
deVWbumZuYpYBGn,0.654160396804539
BdndVBWgOGljbEP,0.9758985847079439
ZJmBtEtpsPeJWvM,0.41776872452958913
fOVWxgSIBprsCzr,0.13307595783435058
tJOXmQSFcXmKboc,0.6328449188038403
benPhdOCOVLVxFf,0.2607791103790044
IYFrheAGRobafcj,0.1292010254770978
QDYyyoWtXfoHVCl,0.06796035842203657
ocISqzamxWUYzKW,0.04820569594900273
ZTRdGWhAHnINnjV,0.2864485190594656
aLlTBPwSrpSeYnY,0.05807974283836727
bFCukuIIlseAYhU,0.43009294911817714
iWUgZAZamqlrEoO,0.9566401876415165
bUMmlyhYeAeKdyV,0.33334183581053217
zyNiEIlaSlLgFOi,0.9770748038318394
tMSlUkpBTnMlSol,0.19242134685605797
NQHBmWhapTOJTuc,0.9248291180760317
oOfwfRgfhprvrXy,0.5070761913307705
gfZeuHhLJNEYaHN,0.7791122073838262
yMCDkqlFKWJrgtD,0.05007619213050774
OCiWwERzUnYcGWq,0.8289314158304741
TBUoLCcvOOSOVOn,0.8107265907043112
UuTSzYEGxdDYLgf,0.26555503583132034
ELgchZdcNtijfEt,0.9776271176298746
XXKrxHZMjouPsKN,0.7415714792943453
eiPlesGWRnZilkr,0.6097422283608043
YSCRTssLiACApdd,0.5992939703106513
THMFIlIEMLMagMD,0.34159684834174137
QTyrldewCawrEEQ,0.9835305797795652
UJDBogtzgdLcHsY,0.8170652742269104
uUtDdvjZgECjmdF,0.22782286911284924
xcOmenyryNwlgja,0.2506342473647364
ZotuheUuworsqjF,0.05579570294605266
GKjsJvfEotagGke,0.5773512052320456
MixgOKnoceZerNs,0.05259702015105364
MZxZWJoPDyScXUP,0.3660265833973278
vCzWBLkwwnqfApY,0.9835305797795652
GgCeVMHrQTFtQLu,0.405745750641823
zciBYLyxzJhzWXl,0.2988253148032589
NTjioTenkWqebMr,0.6556122781050718
wEhxniWTQajFBwh,0.05761010305328446
GeynWobLOcjmCNU,0.15677180476374056
FgpMgeyOYnkkWkF,0.16679432528361682
XRhDRVTWoBoCfDn,0.8178443150063602
niFjdPeSYaWDWlC,0.046998816344548444
rYOjlmQpXFiavqY,0.811404919435356
KcTXkTuApiKFRnD,0.4834163490682427
FxlusnXZCmjXOGl,0.18464450168843827
rROtNgDGAtfmEJe,0.9257703442375991
LVHkGMeJItlQpkB,0.10763398080492552
JcxwfIqasOHVpkk,0.44296888911517535
zIEXxGQgYqjVAja,0.8683862108553632
vwarUWkDylPNzGE,0.9835305797795652
HiemOoUycsBGiKz,0.05284593546431386
mxMmWhsqLNajRqA,0.06731058385141105
ZvFbgkPecGrUESu,0.48296174157220284
cBTwHAqCmDBEjWR,0.2535696732654398
xemdEKGEvsTFfRo,0.38715482051335065
nRiPJkgCjnAcYAu,0.917698357327059
bVDyQrCZbRImzDh,0.9154279154295026
FUSFotGZipLKCTC,0.32920179712451136
SIPSLQxDYyxFWLS,0.6042527343236792
wPjuxOcbrrXzNDC,0.2802044815974005
yfaoOFuUSnpyFwN,0.33286394457311547
iaQpNTIPUjUwpfL,0.15706326364908924
boZHLMmoEKQelIs,0.7799092800019775
tFIVANDAMSbTjCw,0.34434588222901685
doPEGaIhDisEJDF,0.9835305797795652
jMXyRtVQGfFpaGs,0.24419818824244288
hgxGSRxfUuNWcfx,0.9219698127676268
EfTApaCLTQjoNMw,0.20307812582860094
wucMZtgXobbspON,0.11910918014110271
dearaJIPXPaWWui,0.22649492510923958
ykKylyqDXPmWIBm,0.11188489254058123
zVmoZQHKHSzgbOj,0.6186670691797164
uAcdocigYyFTkcC,0.1250559233472789
IftvJaZKyKyKqzj,0.4889185484043989
zHOGrOqjxTNmlzb,0.9488343614073583
afBAJmgHvCRPmvt,0.514304066268073
zKghykYPdoExzWf,0.7197843775894421
AqomlrcksUFlpQV,0.704536977968043
ZGXoLWMcSkgIbyC,0.5985025764633486
cjmhGmCZlynaVyh,0.727875313592946
IktSTdfAXGkxyBq,0.17425077508945827
WhUjBWNRaDbXgsK,0.9703291782022264
GZyXxODPsZhLvzk,0.7354258791384373
loEHtEumEjFIZZd,0.4745809423151417
yUIZOclAbMzIiPf,0.1724010893071771
DLhXXOTGtnrIXFt,0.8901808591599977
ATBQkgEcTkRyzFZ,0.823960542966436
wwesaypNqrODdPg,0.32244211593540867
ohzvdpKNYLhREMp,0.9835305797795652
HlyCYBYPBmMukHI,0.35147267670529475
nMhOZlqJmeBcmRB,0.05490741429268874
kdOwMMmExNopSQk,0.05367896696574679
ShfAvgzGfXHlDkQ,0.9374919098906948
xDnIUCEPAeojtXK,0.48525596875501853
aaDNqCBveuwaZzV,0.12683790887482663
beZakjXBiLUdGOb,0.9422721365336764
rvGSvVDQbSuaVfa,0.46851686646956126
chjGITeRwAdbiAP,0.5803472123091512
weyvLYFvXOBjFoa,0.560532943747411
xvGDbPLGgasChnz,0.31167919847285414
vmEdmJUCIZzXpIA,0.47165062701763266
SxfTwYjxjKTHjNe,0.5843662292592536
KaMLoNdCpURgezr,0.4261182750607098
FDIKyJeuyzpLmne,0.2923364149253372
SVeWIrlsFffQgRg,0.9296747548603101
nAyfyGbZTBVoCKv,0.5559548438075645
YrcNulOOGWsOThQ,0.6743212060061239
dfuZGDTIWVYlhlN,0.4895325602564547
bfOCIjXMXPRqSoL,0.6287208132626356
YKpuJgoRlyzZSFz,0.7253915918626193
yAkETNABrBUUxKv,0.14140523351645337
QHyrxPLNBboEDDI,0.059378062236978585
lNtILXuNppZunsg,0.27581572999477105
syfePxwAQRviBQW,0.6033208572389177
dpBPhTIedZOaeZM,0.10951528316046011
etREDepImNEDRQi,0.05314131786984504
zyCsvmZjNqySTLB,0.05126604159911991
WwZFNLzeLHSIQdX,0.04799253583478265
ZHmtUqxoVGWFJxo,0.43028131887022397
uRfLhNQTMRXwVlR,0.916119727736622
VPvktanFjvytERv,0.3457140616164183
nZudufxSXWeAbtr,0.27220915787900285
toNegiIuIVsMFvE,0.3988240776260904
GlePeSTxoGYdQdj,0.4103122961341723
EaicCgJDNhMSmUx,0.24064164838768898
NsXlTgJYHXLeSkQ,0.6338106929919943
ZoyrJdJLeAnfMbK,0.6314957925833024
sCtveWFQgenRXdd,0.44449541027867134
diaMLdqFJTIAeTF,0.9835305797795652
eFMYzmtVzhCBMIH,0.06857205831057694
OqwLeGaFhJKFcHb,0.059872444704117796
mmqRzshOgixVmPM,0.09396452004645886
CXqjeZtNfFWKngU,0.28600157264462966
ONuIUuImEJlohHP,0.5992682072109473
eEaLwkbqHEZrPcT,0.11220806126764114
GHMbHFBFNMNOGgn,0.4309138329981968
UiUSqJglYHfGhEM,0.3335146374485026
letOGtKpvJvVRxz,0.6097078558738095
dQNizcOpgtMFHXp,0.7876129713694188
YRCmOBxYVqqOeOz,0.1937933506283276
UDkmRkTdpDWZDWT,0.9835305797795652
IAvcoHjThaPWDVi,0.2854823561427548
TieToDUZvscKAXp,0.6412249447938572
ELAHTrEDqgsYSrK,0.2456855612244518
eXpOHDFfrMsrOBS,0.9234746061346002
JWVQUkwWMXGTvse,0.5943722191392496
pmdMsqomfZltgdC,0.17898891008869103
sVmkvqbdugDAsLz,0.30185123084284704
wdXjuZforVcIkDr,0.29080207896598
jlnjNTnuZewwIIO,0.10103686183819131
FULBpJNeKcaSKMd,0.9768948748084566
dFPmxSyxsuVQvqd,0.9835305797795652
kCfLswQztenQiZN,0.5412486295881173
iSwDqQUExKTyFUY,0.826295102812382
mFQHasDGEXwANhP,0.18465885631795192
npvIjTvuKCiKqBW,0.6392901360199574
FmLdCuuOiKMQzUW,0.04898394533242249
EDuQuNhrktlcvwO,0.7321333869441408
BjJuxBmfSeJGEda,0.134966976339937
cbqVxLpsZecLmRc,0.4608878797642343
kCghWaIpwtHZirW,0.14331825074516422
UtrjxFpLfbbbyoR,0.13920971457682832
bjIKbGkvXxzMLPK,0.09056547359503413
LkkesZAIsdBLzBs,0.06071660075757966
ciZrDQgnLLjvHtb,0.048807698159404896
sSJeMTxtxmUhLEw,0.31428941036224506
fzmsfWRlwgCtxwY,0.48238915899465384
zmUqNNCgTalmPOI,0.2985263058665208
MTQDHsNyCLRkSbD,0.92766315873022
oSnSIqUTKUnKhke,0.9255797478775655
yiCoDNhojMLYmiP,0.9669468737602828
nyYnbSKGzKBvesh,0.33408670767343807
IdwEeIWkIXAJwBB,0.2747218171693153
nzkXYainBLWgiSF,0.14556405448005427
DTerGehCkDQRpRt,0.268613120211295
fZghQelzCBASgWe,0.21214037972487326
VrAwuXURSMwCBXw,0.6037348527926318
hRMqpyENjJpaWDQ,0.6363003438772438
HWzrrysrqcUxUNh,0.38668729563416
lqhfZbqOvxwwPeH,0.8529173531811661
CtnNTOdqELrKObA,0.3223900566427003
AHLmTTvBmLXJHes,0.13906328192325002
NSGXgaDVCOXfbOo,0.9835305797795652
McRvorFQgjXqpdt,0.9015764468291319
exWMsmgxgNNUGFA,0.30474779431019466
oioJOZDQcsmOITZ,0.16550300021728648
gXynXldAIatUjaM,0.04809079239994718
FhpDrZNnXiLXhzE,0.23378287192916963
xfagUlNJdkoOwFI,0.5929574193168802
fCDCaikdZqYojbn,0.29607607731931945
rKPubIVDIEtICMs,0.6779004263509079
fszxqhesRDQUqdf,0.9693264255225553
ycjXgbuIzaQzdjx,0.5583751781911735
NmZuvmRNKERaOTv,0.45105059893314897
nWlmZWsbTWRdMTh,0.4777780177914547
jOdLeCZjYoOoexz,0.3080347741445759
jHiNcFGRUgrdAGz,0.27760701207665833
ESOTbHZrPXNtCaT,0.7714675805220016
wBFOaFCglqVSXJc,0.6493812205580082
xyxDBWaUOUDCjCK,0.9201316222058861
yBoWgLBSbwKKxtI,0.356854440486656
naVTuEfIdHGkqQP,0.6948759180900302
TNquUIZyMpYSVvb,0.5944570886338719
zcytgwChWMUWveJ,0.18480608340350788
NShzHBNHpiNoNuu,0.7002111365389279
lhuESjXTGFMqQNi,0.061588077387379626
pJUtTyWhleiciZv,0.3177901154411178
NmSjftUinUgEmkv,0.3925083114784877
KfqewWgXnxxSdSG,0.06470748437769706
qkTottQQYaupWtK,0.576378819841908
LWWhdjVlZMzpuJM,0.13440492422474284
NCwhTMswZyiYQfM,0.9528222808173517
zdjUipEdYnuKPWN,0.13978664873026736
mNlEAtdIZYYeTKR,0.47692735880276727
JiREOJiTwthLxWl,0.46589568248450575
cKwhJnFsOHmPfWA,0.6512007038958899
vBAMswDxchXojyq,0.8806771685854333
yapsgRVtqJSkUCK,0.4044403293093159
ZSfYariSTXbytrP,0.5894065089722297
whBqLEENXiptwta,0.9480131764308635
knCtUrbEFRadBXt,0.6368782742435014
zpMkXaPrgQmWpCV,0.2011753450618351
waUVbhjcTaIqoKO,0.9281085541203936
DPCMuHuTowpiyfu,0.12331291003345056
ncLggxbqcpOsEmF,0.3574573168683307
YhpKkFQCOeGDAhY,0.2144459669479042
ZYcSiMYsluMVbeP,0.6366060003946766
mgEulssCpFtUFmu,0.8254105260113853
pYlEAaPETYkYqON,0.42741778929952384
TcddaANleUzlOzE,0.5446117196979141
twiiylKLBvrCnig,0.6536131688185262
ImmpSMMtAdTNbsN,0.05918816060420492
iABWSzOkCzqarOz,0.9496404081116901
IjJWQYwcJWrVXEX,0.47131058594177944
YuFKnMBfAxkEMlw,0.14180591753040767
fWMfxvaxBAliFSY,0.9780134863095793
mPEOppRyFnbusTI,0.1989491565083803
wkZopvfFVxWWcXt,0.3406609036194352
aOVDTakGOdWeQHh,0.7765279922797464
JOmRkTYySbrSeOw,0.1662857869068737
DdEcAzYqyEseTgF,0.9324647326823665
kXKpgGgEdKWyjuK,0.24347250704240467
TDjivlyjDmVUgBz,0.1299972860810668
wUECwCYMykFbExo,0.30564093285375227
yVMiUSNelJgewCc,0.12608724906822888
WqXVJOWwuIkKzqN,0.19130609079040575
sXivMqusfFvHwno,0.4994531182994226
HUtGjexcABGOdny,0.9389495994666742
tIvroMGpBFwxWGH,0.39345837820354446
zSpfXyzIShCFOih,0.12224513202350631
ELtaFNOcpPJxlqA,0.1423376537430305
koCVwHXbwjnkLom,0.1409789730490459
NlVtdJqGyuEltEm,0.6349352820312435
axyfvFJXoSjzMQR,0.23754339238286992
FRzZfezbDMvrnZC,0.939289489630102
QoiRkkZnzAljuxp,0.04809079239994718
QUqDCyNrIbWagBq,0.9835305797795652
KrHVrGENBvZmmQr,0.6146704556084904
xbANRxgwIcqkOwa,0.12852163394860291
YwwqqYXvDfKTwnT,0.35970753350888807
YYpxWMFYGVRlcVU,0.9835305797795652
vKxNSqdjDqDEddM,0.6916429162744626
fMKniEKyHQiAvPF,0.9835305797795652
xjiJGnZCjCLdyrz,0.05678021127791662
rCZGFTmFGqvjSHf,0.3403763599968249
cCHxEkNmHBSmmcd,0.07324611269965488
HjZITDHXsmuolLp,0.056380989681824145
LnLSoIXeDklpDtW,0.9835305797795652
ubveYcvYHtivibj,0.25577685865746014
uIyadTDqxpQKVap,0.9835305797795652
UAOixTLGgZPvGRU,0.36770731463444134
AtbhrYzSwSsgrAL,0.1362979257198648
IPmemyVgKhjuGID,0.1276995948818613
uCMwXFkLpXwaeJa,0.9729304255817885
xjZmrYyFaGyPlHw,0.08782293326896791
mSPIMLRXqIyfGZk,0.11320951722821401
GkxoQgOocDTZika,0.5360639315975035
WtIjaRtVxEWWfKD,0.046998816344548444
ieWjyhSMsywikHe,0.6273560183879621
LBUdxqBKVhSDFLF,0.11008847931469748
umSzlwKneojTOra,0.2142425856835228
mOXKMqMqLNemQDH,0.0753357899422281
CmXBzKrsTsOzGCc,0.9727164347682771
DRkXHJypfLppljk,0.05104705171020396
MHzdscJhoIOVrOy,0.5212010028190164
pChFEoedcYTdZeS,0.982782406206515
hqmYMvdqUYRkmLx,0.12064253689856959
CIXbusMuYwlkwWP,0.14175563300081817
iVIsldkscVCzLMm,0.14871672019681034
lGbbDMGhnDBkyAm,0.7965026780505186
VQZiFdGSmQWGUXE,0.05354341147347205
swonBtTOCbAHdnd,0.3900364305428197
hlNpvCcJvKmrgEb,0.396606850156611
PNSqAIyIRUfqHZG,0.8786747058991835
WEaPBanBkxVeSgM,0.06497582085438904
LeKtQvHdhLDFimG,0.47154908215022495
KuTKzgBPObAWWOL,0.48928411270672134
maMBJqTBYxDTstM,0.23647057902762228
uTetQeHTAgGMgVD,0.7799960460709773
dilRKOxedZUfveM,0.968545189757267
OBDInAIVfrrUSDc,0.5079928144192917
mpQwVTGFzFoyGlT,0.25740518455552974
laNKhKeLvCFajJQ,0.15313451889507215
YuSisEWHpImRVjV,0.12475679004675685
wHxmVzfjOajALoB,0.17155661696554095
sntciJTQbcSAFmH,0.9347937926775395
HfZgpPAgcFuPqvq,0.672421954815679
VHMNZksxaQExLjJ,0.9835305797795652
ueZuoIJNwdMjsXi,0.371574421629971
avyDSqWidmSjtbK,0.06507250514238612
dKuoMnPFcKjqkih,0.36137352802828226
gwJVsBYhkCrIpgp,0.12223120929285848
pxSMfxcuaRkhluu,0.7615074075128507
NUWTgowhvMkhJhg,0.603119995430026
olbeWcJhPtuuVjF,0.15585739042324012
dlGKsKWXTXRngEJ,0.09060806404625414
ylAcAXLUxRFJEpm,0.3392478208549543
kBpVwDlKpzXtLRY,0.6953951272914066
VHoIVRwtXLjyNIP,0.0680802990696548
KgDOzCGztVbZKdY,0.9770748038318394
OyyeHdYxxJIeEui,0.9715171830148273
uZgBWeFEmOmYUHW,0.6088217976823516
XeryRFomWVHHAal,0.09271056275963165
BYOYkQhEmSHaJil,0.056377964323449895
VIMLDASNmYKuIsS,0.3403453464185726
hDKqeqKsRwzetxc,0.17774004757254214
vSbHbHivkIcLiKc,0.5995591914937395
KCAVEvPJJnaicVF,0.07284256691336666
YTmdGqtxODQpONQ,0.40135914799570205
hkjDUdaHHWtgrvv,0.2555978018718084
hKVUfAUIDnsbghY,0.1418563503565572
lvYUfiEAihuMuUB,0.6868893443974311
bshskgDYquUobZs,0.8305951914253386
SyDHRfhpAxSiPsx,0.04809079239994718
pfLILsGvRaQQxZf,0.20952966668382542
FcCocNuusklJSrv,0.057023152635147366
nFqATNosSLDhIql,0.060998798794641554
nezVVBsalWksYyK,0.9629770379208621
htpiRAGxEsgtRIB,0.9583182955802444
wGlkjyihawxgQTP,0.9451559178838136
NyCEDibsgjqmaPO,0.221282166558003
BzgFxaLyJACcEXl,0.4190389896185945
KTRQpvXoMfibcKZ,0.046998816344548444
lSPgHpeVhjyFhnp,0.9675329450837773
WwITIsjrfeAgLiE,0.47703356129251434
ZQusxYHjKSJHfvh,0.046755874987317696
jIqcSXSXCaJVyGf,0.2508923344069595
uVMlZAmXpKUtOmp,0.4320816300075259
YbmhnLvKTLssahm,0.4290576588760633
xmpZgQjnRDwBHcw,0.12537463338737448
pjOzBwldjHlgeNG,0.9782461036883305
fOnNrbMNeNBUfSc,0.9438304593980151
PXxHMxjYOUmQNAw,0.07435321300860095
ziOHDxduxHkvUMS,0.04717368591682101
kKKfsiytXwJODss,0.05965330967030242
wxQrCGbnGESluEf,0.23384010262130744
jknnbQnZvhuEnRa,0.4101136228704014
shLzOhsaHJQSuCT,0.15352590408058953
NnABQWSASPAExiC,0.6286534467726442
hRwiyyesLMnzlFV,0.8150434009890171
AjhQRXWAnmLIPOa,0.06452604943348625
XXorTOGPfHmMcCA,0.3605638066382801
GJKXRuKbCChxsEN,0.2815537902047544
ysbRrHCBVNsMsFI,0.25936148932989633
NlHfALPmErhfxTj,0.5755165265199972
hBzhknhbMQGIBSv,0.3522495739928116
SGeqhhkQNIFehNF,0.7137164949965922
UXwXICbKdfKYlWq,0.15437785939925286
rcRiTQHMYwIglDD,0.04716051260381484
ybNoKvqXSIjFXPW,0.11047579220870354
vVWQgOLjRELYfTo,0.07021029919883513
cDoIhgrxwPKhBGW,0.46056390891767873
HwgMGLbSLhoScuy,0.2615030055067978
cOjeEIofLGhFanQ,0.4926652432993817
FJqHTJOPvWbZTCV,0.14061528777009555
FELJrTzAroWEQpk,0.05275950681823609
MIFCVOWMXCcnoEP,0.057023152635147366
JPkjSYGqjgvWrZg,0.18580237432990232
lpJbiINcHklLUtF,0.14758169687103342
nLuIQXJZMkMYXTh,0.3584941194489809
YFdlTUZSqUVLMVJ,0.9835305797795652
UOGdCjRwpWEbyLZ,0.4192727688317428
OqJIAZSkKsZOdyF,0.4248520958081253
zgUVlaDLYmZUkuJ,0.6428183960583594
YqmTefycnqWxibs,0.6512618781164916
vONkqvCWdLXgFWt,0.131304391444969
OfoUcevUKpxxRIZ,0.3010785912386561
niLJonbjZdzuvIs,0.6543550077910357
hoGpyrjpZlXrsyY,0.6268343505583133
FaANCoklQpoHoAY,0.18409878835895868
HtJyUppaDllRXaj,0.322874000618034
HewZKlxhTWULkCA,0.6421296922701359
SYEqTEcFVINoswo,0.33827373321981075
GtiaRHtSRcOUFMu,0.12045348647589997
HZRAfiEUBkPFmBG,0.4326088984152239
MKZPitVBZYbEJSd,0.046755874987317696
JRZBbVzkwtiuLgN,0.9782649115871247
OMowkULWWusrgek,0.1372693212000064
nkSZoKPAZGSZNBU,0.8262253326660357
TyywFnjtgyqrTSG,0.11582442213599341
MtChryszLALjdZb,0.22324127756999157
WUAxeotXmcZCZgd,0.9069623044784051
IpwUULFrgHVPNzQ,0.9835305797795652
VeavVekJTCuwwPt,0.3136283933936185
xyFmpQuvUeReOaE,0.46232915106995165
NkLgSYRbZnBHHZm,0.9165971620457829
mKLGhlBeHKLwlPa,0.11720717495758552
fnaeCqgIPStcrFw,0.6974798786396242
bxOSaculClvzebO,0.8675603027333526
KFFEzzwDvfqCNil,0.26022498162611246
jbLUNxnjpVANuoZ,0.5980653034913902
UEHOESAWsgTzkBM,0.27732700473172983
DJmrlACviDlUVSB,0.7345036201124011
xqpvLtOwmlUOsIX,0.28589163474849677
ceWSsGjqohFkrzC,0.4210531954899545
cNJGWSgyUyshtwM,0.8517029213891802
VbamqjBZjTpncmc,0.2832091004300425
quhqeaXIApyUSPu,0.2572490507603593
dCOMMfUfNEgVOxU,0.1755628456064821
vcJFmZBxmVLtEDS,0.566780388818581
BcHdrToAjhACjrM,0.6100933872411544
xxtxBqrOTXhNvKr,0.39547820754714946
pCqwertNfnHKZAy,0.11477607295693773
ziiFReWEkVxOeGT,0.26499131586968244
rmZzlCPvORASPPQ,0.3924983285784115
WnSmIoJPmmqXQOG,0.4472568443217034
fYcWYiKBpRXltxT,0.07259531639436759
PcBdFDEOKgMcBZk,0.6033263607027073
pyGWjiMIoLTkUXH,0.21341819278979257
TPyeuYczGORcIJa,0.6328271833511914
doPFeyTyhgYfcrh,0.5303837686853503
oSauWedsWFyBnLw,0.8399352146665676
hPMilCDNkPiImoB,0.47755541194491696
uckdxoEqamPGhhu,0.27732700473172983
WzxmkBbowiTcpyc,0.4729699513068446
hjyuMJPQdVJghjR,0.9649021910973552
HTwdpIcMsztZxCJ,0.8030390271564501
IsYxDXPJJpiEBUI,0.9835305797795652
mIbMqEOAmrFcPzT,0.047206491391107976
xEpWfXWFfxwnQOM,0.9748435189925412
uemjpDfveETPoMI,0.5622320374713985
cHIxIQeXWWjfVLl,0.6086799965597969
sNAKFUouAAVweMP,0.18445453141512813
fdKneYYCMkeqxMd,0.8473690564916108
AmPPJUJMrtnQHTr,0.06373961626197826
kPQbOSvkzSPmPcp,0.04809079239994718
lYvRvphnEOMWkQh,0.05798264296932968
hXxaPFXZFzNpRdH,0.07571043420731968
ejyRHZafavLxHjA,0.14038579754036215
QCzrXvLdlEnCvWP,0.6945864567375729
zZPuVQmxHjhwota,0.9252130194052309
gJeZrBEgxIMgQJH,0.5339549654529034
HCdhHCYSzmUyaHZ,0.07434060664201679
vltkrDmRMLyFacP,0.6746918805502327
apcDmDOyRyNddwB,0.3309956341227568
ltCSTMxkDKqQMvD,0.5196568455293781
FZaivksvUgLWKsh,0.5167871953225235
kTxlwszzrsgLEUT,0.9505902980159903
zVxjEFEyWKcfHvS,0.982484414534887
NOEsFSFyVewQODn,0.5177161552363265
iIUuESznkeYtLtI,0.36743508053326357
yTnuIolrunBrejV,0.10108724082468956
nhAZHwEudWNYWPM,0.1380770125108725
TcdUHKxwjbecwsp,0.06638814876617123
wEDRBHaGUglGxGh,0.4790186118754642
lLoHlyAtiGvbhrg,0.5496206641128559
ANrpLaQUkkUnamw,0.14929109699027232
eZzOAlpBiPeheUv,0.47957568188841976
tERyRdPhRHPpuTG,0.21768115638917834
KpAhJmWiPEEcXpI,0.2628062929914728
zYvgxHPQushmSqh,0.5934051335211044
HzlHyQpwkXhQnel,0.20362285675056382
CaBLeSLdKffylIa,0.8944017830675894
KmmoFpXZekTQOvA,0.22921482980940264
vxKMhDiYNAhqskt,0.9239746928098101
tIwAIFZhNSxCDyn,0.9615511663448835
iTMBABwFFSMqWno,0.2862386171581598
bcKwUpJqfXHHjhC,0.4477429847575626
BRFHOfIocryYOfK,0.22601360555802122
jSAMBJGskiVuqUC,0.5013148269817331
nDtqpQrWnSHOhmk,0.9835305797795652
IlXbUJfrBfxmWjv,0.6779492541379164
wEFBfYktPkDKzIP,0.295765894823287
yWqpHFEIOgJYTTd,0.24310425623225498
yNJHuDXXIjNtTTX,0.046755874987317696
BPdHdTiWuJOvsqf,0.9835305797795652
NoyLZFmjYBsOTWQ,0.06956441605196167
olJwYTsNHGjWJBO,0.6368252456063992
CmiPgcUSATihVoi,0.4876756393163771
NsnxccLeSVbORhl,0.05722465538824455
OAvcuJlgVtEWGUO,0.8779765807489229
EEqfXYxntAQFLju,0.04904290076812819
qOFlUrYAMGLGsPl,0.1962479360329806
LGxcUcCJpnDxUpI,0.6249907340662832
RZZurfAnFstQKAZ,0.1533281498166558
RTwIONtRDiKTtrF,0.06597323486750381
psbUSrWIGrJbOQl,0.18381770693740807
oCMPXacOISOUseK,0.40981928839141246
KdaVumMipiWDpxX,0.04809079239994718
pAKhLBGbzkCmNAn,0.15591080100036456
BwSgUpBwZlNQefT,0.32871003909118995
vXIieQpvMNdXwXx,0.35060001144253483
YRUMOGeqaLnKcZq,0.2930910439984205
AzLmvClmQZHgEeC,0.12664460037012001
RLSHwgWXIiNjBLK,0.27210999543289066
wXewHZrKKAOCpoB,0.24017195986943296
XDiPcqEitMyIOSy,0.9313175939095185
mqDllDENcxnCFSG,0.691697569157515
yFdUgpDJNFOpxnk,0.8619121422937667
CoMGZCEgAToyWon,0.9835305797795652
NmyqfuqAsqlnHPb,0.1321688837707357
TkappvhFnwzfzfE,0.5146656894210326
yCEYyLXavNELTXQ,0.9835305797795652
kLlRzHXLGrUrXWf,0.9835305797795652
QFTpAgqGTaUQlXE,0.9776907217977701
xjDziXOgvQboZKb,0.6155577297686099
XddrKEHTRYnZKIj,0.7354117038882366
uREPOhMwrmvOaxL,0.9835305797795652
aQizMfLFdpBmuww,0.39983811160117305
wnzCJQCGQSwtiiK,0.9481644747167913
hITGJNYDUHnmsLP,0.0658093707036026
RXtWjoCIVPzFkUN,0.14934957564646167
eotLvZJskgzAIbE,0.26452695870912574
XVUXyUaMeRKWwZf,0.13928984134162506
dbhjBvsSvvZZeYu,0.5449401697776277
vtjYpGtEPyJkAPo,0.12869922717206553
ipBQoUfbDeGmPkM,0.07017306022092037
ceUZytKbjndyrIt,0.8062299874493416
XyKjJvDDIxCorUm,0.15209737868871498
FpYXHLipkeYmtEa,0.046755874987317696
eimgMuTOTEUwLXX,0.42650882077998276
DIhIjgHGGEfvwqY,0.1517108456521797
UMXSkXOqCwovJWO,0.058009168083772156
aQBYpdZLSrlIrsO,0.8984479079069245
uMkrETiAhopooLO,0.8650898370347287
YrOgCSbJRkNUsIh,0.47440588254172583
bMhbaQeClaqLpow,0.06254613265892857
NHfWtACEkluVTBM,0.05692424159491372
lykcguWrpddMAwC,0.15963702826610793
vXQQlRoIDanQCfb,0.33967805189764766
ttnYtyYZfQoxKWL,0.10366395457047946
mYVJxbbLcIJQvUz,0.13313590626101168
EiCWQYKZLydbWpn,0.9697217933107077
VFvCNuofZbAlAdo,0.1143078447966059
oSJJswTTNhIvCJh,0.8681163211045796
omrvuLjvuuGDieu,0.10790341608875333
ntKvtXmeGkSlYDM,0.5948967687445212
rKDCGuplxlRDjFw,0.482243342323814
YRBjuSvIRKyStvj,0.05806811659401282
DnjyANxpfDFKqKf,0.06908098706627211
pVipxPOmsdsQkIR,0.20154416206899362
DWopGqDYusvsUds,0.12572173299740638
orKpIIYJzPVsHUR,0.14556440584895328
bSbOszWVHulIPdw,0.9770748038318394
eNgcALYpHvkuEwC,0.13595098296416072
bxhtVaxVdjmuGws,0.9414794251474058
XRnwLWUwQmcLAva,0.17003683950298304
SJdUVBMuZYjlJDM,0.7364753876391437
mZCqixGMGJjaIWe,0.3215878025406624
HEEYdQflWToZVuW,0.9835305797795652
iwGwxzRdMLgVVGd,0.1664560627716136
OKlYKjrElizYybS,0.6540332794745438
kcLkaZBalGZeSqJ,0.20686128695268838
HNKzVVuFWDQCwmd,0.06613084239603324
qGYLzwzrlZKvXDH,0.9202152705126181
BpoTetmDemOQyNn,0.1952981635438429
cliRypWwQGkxLCZ,0.3390106951773848
solBcEgxCnTVuQQ,0.4077141887367256
VeOyNRnsPXfuGeG,0.9687230528390628
UzlPJcmleSlbhhI,0.37851439944755544
pPENnuQzcGExBic,0.30427552193908536
eBhHWsPrMudXOTg,0.06841299698715139
CCAOgPCWfSaDSmI,0.4120550442133666
AYPHqOQoEfcGMHO,0.17599057090396328
eMvxSUQeXxCTZci,0.5348487214034501
ZKvplGJjIogHCCn,0.14540051702236056
mtblItqiyqMKuxC,0.9332853747746608
IHstFsLpRyGpXkt,0.18909902126622652
oWhwOLMNdUuakwj,0.20387775143532053
hRrDtdmaJviYNDi,0.13825597630512268
EownDvSsDiBPZlN,0.3820060253711335
PQBDnAmFZvCPxHV,0.049707107510658495
zjjFTCMwIbJKQEY,0.0996437790403039
CovPdSkvGtPukiI,0.4824460454743117
jxbeglAEuAhnahC,0.09665700100014502
YWFiRLXHzjHGNXG,0.2473814312945496
hQlfltLwHxqxhzi,0.3079798052108291
FKaALtaujlEXOpq,0.33285338028652456
tkPXjPoxEPeWawC,0.935986911666954
fWUmbdgksufiagD,0.5961892456087481
VtxXAXfgNYCZGTH,0.35871220554028443
hEdnrQVAsmkYSDE,0.9086286309168573
vPtsIQIaNLLZACD,0.3873891409139205
qPLRIceQWfTaVuS,0.9835305797795652
CQvxToZmGbVlSUO,0.05275950681823609
aKTGxYXtezgdqNG,0.11377775446147347
CGZhKPkGQtOEAcd,0.9770748038318394
hpZNAMQNCGZkMOp,0.10147583824952759
vxFlruwXZapzZDb,0.684744410385823
uSBMXYHczBhqGQQ,0.053757079024980614
VKkzLferJsYpQsF,0.3008258983457464
kjWuBtEpVCpvmKT,0.05678021127791662
AEjDuKGztTuzjDC,0.5941235207994537
woaChFWPqjCoHyu,0.32043648761414734
NJqQseEAKqAtFaG,0.8570487930731557
wDGVgOVJfpjYHqW,0.12629939358152653
llcDtKhgjEUKXqX,0.8130178699182302
WGtjRXbFGZzoMrf,0.9116202425932378
KfpoQtvNyZZNJiw,0.35571695642727896
rAHphNVaOJtxtAI,0.9530495686708662
ZSxYzWxfozHpEUQ,0.5424665969700129
EsunfLbeSFIomnJ,0.5244992054652937
lWBZKOaemMvIUbZ,0.05650918905648878
eRboPkOfrDQAMuK,0.9211163874842679
bcirjgHgQGUIRGI,0.9772410784347433
vxKTAwAdcbjcVPZ,0.22324576429819876
sUpHugpBddcLaaJ,0.13905852336816624
CWggZiyNlXKJvmv,0.11636449563672023
onEDgyOAxNCjWqJ,0.06263873630527106
cPfFBkaCAJDQBle,0.7100165431009077
iYEMFNyXOcXHLsS,0.361580527001873
MnHdSHrtycProGC,0.35172648992801114
PlTGkYjrkqJyrUZ,0.8760307877412419
XQDoSyCvgXACfGb,0.14088170406618536
llDjfKGcTCCxzgu,0.6282769592225279
IZaxroDiDmROZMb,0.971100016525516
PnTbSWBoBtzVkhz,0.67206265695119
JJdukrIyJXleoTy,0.5202944488532047
bTdPEFEKlmpsulj,0.9835305797795652
PapiJJiTmeCudCz,0.19790417292962798
qcuzrXQykatjcJB,0.9605052309478919
EpZjlqvdnsIBamx,0.9681089116558924
yYQqfEoHTTJOSDj,0.4487976768586598
ZaVFYcHLFRcwoDW,0.31490906291934806
gSvqDdKwHAivQGo,0.6637414826734025
DOjgrixuEEcsBLo,0.1995237989015375
uxrKMVQcTvWLDeM,0.8488283381394139
uernZFdnLFqejXK,0.4902115819508336
jxNTINLMBmdkIlk,0.355044080889511
SIXueGSyIghMYpf,0.9567069488816018
aUDZntjfrGGYrnP,0.09002976174667875
kXEuzhKnqPdggVL,0.4247621517816819
tFJEFKoPbntjOqH,0.04811763495177473
jGnkgGabaqkKFcb,0.9766145311123027
UyTOsnKgKuRmQfU,0.05181355029957342
vEbyXXLSvPZTXSf,0.1763918348249622
HyhelOpaBWhdELG,0.2884222739774081
SnrdJGNQZKmImET,0.10561721287754781
FYJSTxPifJPzGRy,0.6829351197503843
yBNxXUsnnMJwyai,0.3758425271893879
LPRGCUuIqvfrDxj,0.9770681085380282
EqDfNYYQWveWlTY,0.9620672719660761
PTZjJpCzUwqxrFf,0.1281576539037252
oyWEhfDWcChBaGp,0.287994995399856
BFKQRfwGDGCWCQQ,0.954222766359289
EanlqqiwWmdozoL,0.5987515663393449
wGVkjnNMwQZgpXM,0.2631695570148275
YMfMQvbEwZNRnlg,0.13940452982814483
MQLpYwRBVbBSnJL,0.368689564411321
atdAsPFCkobnucJ,0.20274686898578043
LEfRKGwMJcQlemY,0.9278401542115046
hXmsPPcJKOyEjPU,0.7216372147158103
MYkdMpYmrxSwExm,0.9835305797795652
itULhrcbYhztDwb,0.8250800379965478
QegtFLOytGObyxj,0.5964628626158671
xMNBsOSYskFALnj,0.046755874987317696
aTWqcdMkhZPWCVm,0.37176486147887106
aMwrINsVkBClBMq,0.6192271071905758
kYeAxdrEJlkkfrB,0.5562594602515957
TBCTQqhCBILNEDf,0.22724961452362688
GwepacrlFzsVtal,0.9475832286797111
EWPOyRaYlZZbnGe,0.2967380511125146
rcdNFSlBxmrGqPS,0.7218936030821305
DdxMRqCCTAZHrsl,0.057070476647360105
hTpHewmLbGluQCf,0.6342962636265258
mLblXRloqtrjpoa,0.6720853692140314
uKKHHBHDWlCQnbp,0.5645836608362398
RyhSApaoIUtYTPD,0.5324377631504259
aWbTkqcRfpZmGuY,0.5587487239133823
GBWquooVlcWrRKy,0.9741705432511754
ejospobEoWQlFqr,0.781299997900173
nJgypdfcMJQaBbU,0.5246715667540005
uNsOfOVmHXBkigh,0.9655656597411099
TGwnRtDEmZlFTuh,0.10751103782179293
AfGOXwQjkSrMthJ,0.5072582015280648
rCRdDvghevoaVwo,0.08441014407594734
txaFpFDAgZaZYKX,0.04809079239994718
IDxmPaspPQFIMGu,0.12641051085812102
loyyeNnFjvgvPQE,0.04809079239994718
VdmWGYmERuEtQHc,0.7925706441025309
ystAlOjOvXExPgw,0.3480363956138651
ccnFhFmhmIerVVy,0.9835305797795652
eBloppFKwnfYpaU,0.2856829086189629
jwqpRlUxKUexXiY,0.09408280904396013
wrsNGPUsvigyisg,0.10084667504043492
juqZvsHdOyHIurn,0.16771968457291656
SdLGqYKstDsIXoB,0.06412052388043735
hEsFgHEnzpfpoYZ,0.21291283941463907
bEilspVZEPumxQe,0.9478303778901758
QOEhZDRebwIiymw,0.07076791678215884
PYxamtfcEVIiMNS,0.359178893900427
FzTnSTAUXTsQBXK,0.4849172047858276
MTCigwvzesWeXdO,0.7909526329779388
PwMCplFvBpQUWzF,0.48294655011752347
yeGJRiQAFGDVltb,0.8857850911777961
pVNKKropiKvsLZB,0.08170514511675257
zjocbEcOmaQpWxv,0.29625069434823065
uFLcYrUpJCLdmSj,0.08311862149275367
ONItdTMsBTxZQVU,0.23130844328075612
pYNcKUUqALfyIIM,0.5494352487732218
NADDizmjuZPuAuK,0.231581312560307
YWUYaVVGkiGZyHo,0.20525517832890716
CDETMMECNENNQxS,0.11615140231811383
OQsIBfQAFisCzkG,0.4850339541421638
hDiabXyzUnmOsWe,0.4130060237665909
sieCUKUekZaGvSB,0.35094615389740513
UflkBHnkBQVBwuE,0.057225133306506776
JTctfegkSwQrXZq,0.24939552472457738
BFCmdQfEIlgVmYa,0.07313143618075246
FkBFINYGQEUGLfY,0.36035382911944147
iXlbnKWCWPvFmuk,0.13423399120167503
uJRLOCgVFcItuaN,0.7283313235352491
PqIdKwKWYywiGwR,0.04809079239994718
anVkpoJxTNcECHh,0.12419776885532874
gMMpUIKbDcsUbBy,0.1304240652768022
IoCAZzkMAvfMnOX,0.23554310709482593
ysdaeZGzNXwhNwv,0.4900969630177728
dwgzwPDgyMgOSaP,0.7754734956116502
BXBWswSOgyQKpAy,0.13835971485123794
mNARKXBGOCelsZm,0.23403768620133414
zXdmhRkvWfFTgpQ,0.2414290803691219
aTmGxFJewqzzrKM,0.5858833914634335
WDDcQJOSWJenELb,0.8981486327821911
NaSqStVmikIVqxV,0.7718333159274138
hmVZHHIRDXffyaF,0.8211236732411797
wgFrbFjXAQQYQTT,0.9490596645998589
CjqkrmkXACbKrpO,0.5139647194091337
vVUCUUbvCfOHqhm,0.7891189906091545
ysKsCwCEGIagOtv,0.5334277750705411
UwbhxejrmdGcZYH,0.7648604006895754
pzRWrUijUAXerxU,0.07786448973616224
tuZpAetGutAKveg,0.17018792981067696
uqcnGuYkQfPEQNF,0.08911689269345872
WsXCrTrHHVfLBeL,0.9553375353651287
dZAhMjfsvaIgguj,0.06783735771242407
yLHWExFJEbqJcrG,0.5603419019473544
QatmECyyMnLGqpM,0.6917494358857431
ZzKKCgTIoJvIBMp,0.06233263081295693
AHzpXzVCWPatZYp,0.9387168785798807
WulTUvApjKpcKTf,0.9045526307795609
zCTOTwuLWhXpwGT,0.5705575134519183
aAMpCjjKOWfgFpM,0.5108441343435207
VsigAFdlvsSnIxG,0.1255148954612606
VNiQdSSqKPPVWta,0.30538460006879364
NMSlmHVeuVMiybg,0.6235876229757955
lIwEZTeBgTHukxk,0.48611230115912024
kqjiXhWxlifFHTN,0.5384201587334357
hMiihEqUoMxIhMC,0.25420330428628485
ncbLRrbhbZzArFy,0.3254816417530075
nVNDDYKoKPhYAPt,0.23798059338575858
WGBsMkHaTvDUyUE,0.655540658788536
WcSVoddCAOFRHCk,0.17693665551785767
ToKdIxZIQaQQQex,0.3034280170259911
DtWnBpdptpQSSmw,0.05104705171020396
JhgEdanHYrOvYsA,0.622631224992628
KtnLBiZztZCEBMQ,0.22798653181228937
kVWXBvKwCmdrjwc,0.2543573086512424
NtuaCVQPrCUfqTh,0.07178751926350384
MTmvYCGCQgwFGQe,0.18155298438679643
hHIFNcReIgJjpNL,0.8148958181418018
poBSXLJGAgixvsb,0.33325377074533696
AMuqSBNwiVDbyRz,0.29022008928803
rPGhqpLHtlWYFGw,0.9835305797795652
MVDEYaeSvvGjBnz,0.653163432568437
FzBGBbKJkakEPVb,0.15536815161131162
SzcsPeQRomvAqCb,0.9278227950261424
WqvrPJszlNciGCx,0.44492056613165926
eAJeocwQsVwzPlz,0.6221039141838025
kaZdkgBquLtKbDQ,0.10378598766129385
DdmzwxvndkEzFlT,0.1378285191159085
fbSPtPznwlCisCH,0.1510864919848693
gUGThTmVeyVwwtR,0.30010440846014025
LrDxNHoEAcglygZ,0.5762792686169886
ZcJRqypFjJJUlKn,0.2679061377989073
yUZFJCItygWuDpP,0.06235826695469619
PNnudMclYWMQRyB,0.9817928938069961
dBqZioiWPLXoHUp,0.4510607562799165
pistvLdzAdxogpo,0.05761010305328446
wCwpgUfMoRYDPCP,0.6434241266749788
rymVpwZputrSYcB,0.671000987938509
JMUPtbjDpEJymaL,0.9231253872994705
HlCdcnVAxAzOMmA,0.7071814046561837
XdJOPkvbSzKAmxW,0.6459956590310776
khOxerPFSoEqVwZ,0.08779684053350473
DHRjJRRdvtWasEE,0.4187385556786697
yXVkTlyaqlkyHEk,0.9835305797795652
eiQsBzmmtfYrUCr,0.26470779272693373
IjnKcwRGPXzsOAX,0.9326046425199517
kyQEXfeocThlgwd,0.04809079239994718
WxSFVnseUqoFbbC,0.3394707536640057
bMrTuzVmSRyOYay,0.22284321920262243
GYztdDaJwlFoDKE,0.20824385636863008
ShxgJRuzQDSIyeU,0.5752242201317965
girWPDBOkSmoAyI,0.853710085553011
ddVFkdDYugEgdud,0.6258196965253592
LerhJIgGlKzmHsn,0.26277547396971596
WgadJpEgTsAhHdF,0.5126743257104073
YeMkwhBlddQOfcK,0.2525644079933618
mioGwsORkeivvNh,0.1980395386479478
kinJnbxignOVotf,0.8860953815123408
ycccYXOFDtWbCTd,0.27466203565508596
AOOoOOllDeSUzNu,0.460151622635123
QMVJMmIfYBiyvNN,0.9835305797795652
TVatERTxJjYbiYC,0.15851878461686691
kmidHlNqzMKQyxN,0.7049362572121113
xwnaeNrxgsxrdad,0.32908610177464237
WQFaeJgcOjzpORQ,0.6110455250514368
iQODyxvJRVeYHXU,0.1980346084932715
RmgUFuuswwaaQrt,0.15069971898641799
kEvNhAOQYMEzMZb,0.4373047145454257
NnmdcLFMyzqzXqf,0.8374603490661172
mIRnOUCUNiWMjcK,0.9548906257720616
QtwWmsDFODtbkdr,0.22503050485441803
fEEVjWljoAtuWUd,0.9662888957274709
lMRhcUZSKsBDirx,0.3469185407275292
ppRsarTiaWMGFjw,0.31579284836254456
IXTkDOkaUvpkxKI,0.5914212748610014
meWFpSIoyUdGhdD,0.3191601369111532
ogaORYlHbbVLyWC,0.9625836175900737
fdrtvyJfkNZJhZp,0.9471603434658031
dKVqaVQgbweezMw,0.26418279129591693
PaAwbEKafoDypZu,0.944094058852695
CFlDkftAoPqPgEm,0.28446915475888246
BWnqGEcPXQfWwXr,0.08837454602411464
HMCPRtvlomUSAYD,0.1819216147988528
caQLGyByRmNIDjc,0.37135215980340375
lTOgbUZCEEUmYKx,0.22271745583834776
SrcSuBoFpSHcOEC,0.3691952557046346
JXuEiawTjuQJxlF,0.9835305797795652
QnfGrBwVvXjBaLX,0.9835305797795652
GuNiEAzbJQAHLlM,0.5756514373006422
kaZynGBcedTGmDq,0.27133292477788656
rvDkVkFOtzTtmyz,0.5427675495729248
fwOoIVuBXqmUtjI,0.06664667855188522
rFbcmCpauYEeCqV,0.05321917209867776
PaoDbkijEKReDrR,0.05205649165680417
jUCaMOmQNzKlNNX,0.12002781337465125
ATdkQEogDDHtTBQ,0.6381475092992515
XGOTjrGMfBuRsbe,0.647160130876459
iduJzKSQGaAcfuC,0.5858247332529297
zxAmKPpSaQptTAz,0.8654092735184975
scVwpEwBUtMcRbh,0.06643411558001493
fRgGgqPZdWMhQjw,0.5047038572683996
VwfBGntUtBqpBnx,0.9770748038318394
TPrgaabklqQXrgz,0.1331924608386884
tspDowpBhCkWzTB,0.6578111309918462
vPFrqvjMgNRuOTM,0.9835305797795652
aYKcHQtqehNYLTc,0.30456364267308517
hdYpZuGAHwAEEBC,0.9835305797795652
FfaFUAtjYEkElzi,0.08184417375743015
gasPaoaMpFzMxJP,0.6566964651153931
BHbIBBlDRMSYnIh,0.7675236436119708
qjYmqyanLVHGcpz,0.91653444834061
yQiyKpSkZgjQnes,0.10729614613871488
FsvvfkHOzGdxfEK,0.9835305797795652
iOVwIZSiXJSeDKS,0.12836685187690794
qwuRzXAPBpCUFua,0.11771906553123895
KUjnPYHaTsnHddS,0.1525009491743535
oterairFUvfrxwk,0.4031378528557382
DkyEUkAMiLEdKud,0.1505598668054038
PiOZrFFsyenLgOg,0.4831544656446742
rQwsNWkywNkeBWx,0.3943309436389097
INXRhjKteKPtexn,0.7344861885714142
ycVfZvnGJsjgLBt,0.29325196913664714
ElpmPWArKCkRuie,0.7320808226853588
pNhWgnZOJRhKmAU,0.30659253725662317
KGZCxydGvAQfFhg,0.5890960238037405
UABGRKpmIbuToIH,0.6711013943163662
YzpaAdrVUabLgEv,0.06230575586633435
xZLKyIpwFgdDCYq,0.153603658766949
QhpyZQORpdIMFit,0.05340234450870874
nrijFiNFQuSJcbl,0.9770748038318394
vbFKfjQXtNlXfzC,0.10573576760187872
AeCDmzVdSepRtom,0.396439055897081
XWAINjzAJpswHNU,0.5346958129589048
bLtoxrJlKZwKTMT,0.35213155610525293
xYiSUxfEWFwzEcP,0.04809079239994718
hbHWsirvDJSUTrK,0.8781201466671947
rPuKnrkFBFHlAaL,0.17601225549646612
jXCOpnkxhVpWVnm,0.9782649115871247
IIlufMbikcEmKmI,0.13108652661656064
quNbAVdhWBVmxMj,0.16755821490609146
JqIkSzdSZlnXxav,0.4931503593546022
MuUDtwNpehLMqXP,0.9835305797795652
QxAoyoioyLqKoqT,0.053184859604465146
rNzFpdzGHnfjiUK,0.5737069721333916
lkotrNhYLRWjnju,0.7694934073183908
RDNXvZrkzdICiNn,0.3631136978281321
IZvnNZbihAeiDln,0.09878367420359868
RJLKvXkXJxstzqB,0.15663240568237524
AAuvmHUUMYlHLBj,0.14858033979028315
YrdasLJubIViQir,0.3195549045431216
WlPudRvpHSSVDXj,0.44729981620687637
mfwbpQIfQAfYbpX,0.4526282732174974
hFlbXMelfQrRurj,0.11528917853145769
JSYTzgabGbjDXIx,0.9828637120790137
RkWYMgxBgpanOIy,0.2868728639811292
ApBfhyqpUtNsYsf,0.1551066666146556
SHbWJroDVeUYHqB,0.6209656106512834
HEGHUsUKerRoaoy,0.048807698159404896
hNCDXQGVmNnBZYb,0.2901324336924212
tnjkAvhGnWWTQVD,0.45215790955631974
ZFXtlYSedoTbyQH,0.928099829699171
YnVtHKWJDGRkDto,0.8760858709618844
CsiwRgMzBtWXbZJ,0.9835305797795652
TZWdeinSWVMlguR,0.25300545147557507
BlRKZpHmnroixgC,0.39009894902099573
qhutfbbDPPxpIEj,0.11603120348346216
DCtLNhBiTvaRwDg,0.6635137318068653
lzQLdutTpHgeCYM,0.9641126638682818
wILsLIHRoMwaUdJ,0.5112924738999797
tnSGBLQpmhNKoKn,0.9448296969731989
iridUdXcTTxdfbu,0.9835305797795652
xhcdKDSsnQTkOCd,0.34004629171553696
MljBZtiWWqYqakg,0.5887769355634771
PpqacHluwfrccHj,0.23489298184786028
RyvqBiikMXnQBwX,0.1749071851906593
MZaTJBhRhdzvSWk,0.695773834005759
CcDPLoJqjDALiTO,0.18261774484044868
kJhQQnbEiAClzvM,0.2141710857303879
WjFwonVoNwwzsHq,0.1947848476828653
agEQDLsMBeVoJdp,0.5591867774369705
PWpGOJIHuhMFJnn,0.5097970905527016
dtfqXREEesbjWvt,0.826271402407019
dECUZWXnkBngEAB,0.9835305797795652
nIkXSpWIuKLtPlo,0.8049821228247858
ThvSpPiNgHVAwjN,0.9102109936715534
iLUUtxgxVexXMIX,0.5427801810568516
vBdwEywlgwiKrjn,0.3072887199478371
gPUxJGeyixWVoWm,0.9531398774398633
LMOFgeKzSGjVsCq,0.11028250551314615
opDiPnBEAxlYmzR,0.8949772727300705
VbTUwXreAuQRrzT,0.09769737985267181
eFBMnWARHVvYwaY,0.40338700913989634
xLgyJFoFWLMTzsJ,0.114824694752507
BzMZaorecUvgKlI,0.9835305797795652
WNWcgQDjOlPOlbv,0.32136470219977564
SLyFxOZQUYCWici,0.8337056613753788
VmDSDClmmWwDaAq,0.25057458854929937
gAjPiwIJWcHYvnm,0.053127880610666575
LwbfTwmjHzaiFIm,0.6659908820051988
CFvIeCLCwhCwvhW,0.14157491941549122
mrXinXYLMxanMlF,0.0691188299106352
hgedKKPnEgcoyru,0.9811624768739773
NjTcNJUpsJbKnYz,0.5683002862333081
WrnFCVXHkDyVfDd,0.35285596644250733
pBysrDpFxPgxQFj,0.22378533388049468
bMkoQDbggBrQGMj,0.975798791824042
AmEIvXvhuKXnGWA,0.3167130162487508
WIultGxCpnUMPcy,0.30292378338715253
BYVZfDJbkKHhmla,0.15089814928830367
LUjAWiJHGNycVem,0.2068828397213259
HEGuCBfsrDqjssX,0.1340769525181378
gEWyszNGgmNzUva,0.05104705171020396
DoxsMgpbGQzSGcm,0.07328038668857911
mmAXEwjukSogoac,0.7222478336298546
OFQzRUSMOHuElot,0.7673166854341187
zzizmXeiNVTkoVz,0.05678021127791662
psBlWDSbyisvtLv,0.2302293296230657
EyeSkUZunHAaeWL,0.2497831603465975
WlqpDgvnrBZaULa,0.37127848928463875
VDimsZFcNMWIBxG,0.25423826352584095
oZBkCzenxsRPRfg,0.27053619406308804
mYHLXZdroXCAnUs,0.05413185973550058
SLufarLMtUcEmEL,0.5942288754639281
iqXGdUCLOzUHfEI,0.43589237075359877
CZUAgXCkDbSRthG,0.08347625176541065
YhdfLevruudTTRJ,0.21113915897366467
ZAcLovsCszWcqUy,0.06951998860260955
wsGwtQgiGTNldAW,0.20252857508584113
bBMQWzsQPWYrMPg,0.9235245344999746
IFeuePWATDrWwcy,0.6027948289790611
GeTIIdjDKQgYuhP,0.09043404053322875
leEMumSCNVogGgM,0.04696355003387723
qIZpYvrxKVGfNRQ,0.9821303166498135
HFCSEbzaXUBNRbJ,0.5580547289762862
hoLuzTYzVeeztkG,0.34551977513357907
fyPPkMaLldBvMTY,0.9767572598384887
trRMnNZvDnFMpvs,0.6193536793021749
QHcsiIdVraczHag,0.1882447643837665
PcaXhzlWyjPbrzP,0.9625356057681425
RqLOdVmMdKfMBvt,0.1719922921350031
armNdzbqmoUMFiL,0.4254934987755331
PCxDqbnhXwRvQfE,0.8975424510899531
IkKoCQQwTtgitHf,0.1570030551508167
AEPaZSgFfneYkLS,0.17833759134073007
genXazbHyEpCTmX,0.47701450047805016
LbscTANozUVJVJz,0.4086178213070257
lFwVPeyCWQccNnl,0.09683159153265955
JyWRDDtPsKgRdVy,0.486764474114138
yohOylnpfFKwdTn,0.24924030156664426
UcMWQCrVnVgdsOL,0.6989277134730036
KHpEHMXsEQsartD,0.7846188992240652
rWKFulnVgyfndCI,0.6908745289746232
FkeEalyOZslKVBw,0.2928133084848645
BaGkEaxFtglUKvf,0.17967050999318787
IJZaGpmYEqBfxEA,0.41167977108627546
fLBBhPWUdOBNtVh,0.21143346079108843
ZIcnihapwUHlIdT,0.36825956612215693
iiVtFehFYXYdruM,0.094808466652207
xmcovvTwuchNXGP,0.05275950681823609
OxdPONJJimdLrbj,0.10532247136783207
PCcJRtwWKubuQzR,0.11674408073500854
bdPrSjEBlVmJHMj,0.13045364074316856
xCyDcDFnFLpvduf,0.05127069945796763
WqTNkWtSNUUcUSZ,0.16310993768908816
GfhmecqfprFhZbE,0.5456624971821907
UUnshDkamRvwmVU,0.980352025591691
UozoSrdhVMcKkOF,0.5985339092693116
PuBGAWkqQmYmqhS,0.046998816344548444
fJXYWdTVltuPmEn,0.1272615158201513
UgoNzRiAbttJkwt,0.5040116150407155
YjmVHUUcZIlPvxB,0.12462825679581892
KBzJRYyMxvcWCYL,0.31741478894880765
XaOScKtIXJEiGnU,0.9835305797795652
jpKPxWXjqqzWULW,0.4966135113310723
MJestlflSxrDhwI,0.9116202425932378
QRbiHHeCOTJUNZt,0.6786988857280344
pcRVxyWFNLgowIu,0.5695450179823803
iVYBSgpLIumZNEI,0.04799253583478265
ZUfBnHUuTpiqRry,0.6738751858773774
ndBxCAOttByHTXd,0.18875416059917166
vPOUXxufFYxOsIo,0.05272115652208661
mCUwuxLXiIlFVkU,0.16576502769136095
gxzaeIwqInVLIZU,0.9835305797795652
NLGxQODGLzfnjzK,0.508483985512797
GKwHIlogUzRZBdu,0.9713506577827735
dooMlsyvmkGyYdz,0.5982769332912332
BTRLznlZobPLbgc,0.5036676710815693
eavlYdRtmOuhRBm,0.27160326095134285
vVOckqmWFiwSfWB,0.43041822749088693
mLfBmJnixqECkJo,0.24846003329341704
EbncKtENDdaCtjD,0.32475662967475
cdBECwwywpzwDIi,0.47264132155830213
QNOsUjtmNSuXlAQ,0.8562008379856582
fJIvscJpHQDvjnt,0.38691609855302617
ZzuSqtqAztRggHA,0.49317436127402914
BjgfHjXxhdgEkCf,0.047206491391107976
SCyYyPeoPPINuSS,0.07877467695783351
oVdijgrEkLvdxyQ,0.9835305797795652
vJcLPsJQFxSYtef,0.6877487194702013
LLbTETMSuIPZEML,0.07010767205884204
QyQZhiLPzeCpZLl,0.1869503880323807
YzlrWQcmHcLvGok,0.8635326787217072
ynkudDJUQvMWOzT,0.8454642090821468
UyRsAvoYvcgdcGF,0.852634628909281
cOaPZlBjngHCoDf,0.26639929447613
ndcnQyPoPnsZmdS,0.5204136493365283
WsBGNgkWGjnzCMR,0.14181042967892993
IGgWmGbclAJRilu,0.05199202170654504
OryTsXWSHddwBIQ,0.6409467790298319
YNwoeUiCoZDENdj,0.7159629134275995
PybUrxeZJRuiYQu,0.13222278092007625
wkEgNPqtdQVYaPn,0.5439843731475499
prStoxcCqtLWCko,0.301612831358749
LsAhchbNHwUTEHR,0.8072513066560126
vAkpgJAJLgmmozp,0.10691103077731216
bbEyMrPncxeaYSS,0.8696950721155823
PcdfvVUxBKzJyuV,0.5971547315230277
DwSkmWvZIryNGAN,0.9717040529573067
SvrGJxmQpiKGRfq,0.26765151732929177
UMxIetyhQXLlxZG,0.12073753628605817
dykXdhxmfnLafGQ,0.05761010305328446
rfGHEJXBiAnMlii,0.08947622706168293
dIFGITzjzXzgfxo,0.6692083400026673
RedbzqgndUZLsss,0.3669339844295116
OhXbXmthUNVFIOW,0.046755874987317696
PsVcLurbELEyCzv,0.19566316322596555
cwvtGrzHtYBDzgp,0.21989173194241943
AEJGkTGsvGnwBVQ,0.9506889450974143
CtbetQNNyPvkika,0.17825571869624585
AbJCeYagetldFLS,0.6249144559447034
CLPBlySgUTGcQyZ,0.42039175481784335
dIHPKZYgGkTePOp,0.46253149775843655
QmNjbVNPbxupRff,0.24350079268848068
aIvGIHYNejNUarS,0.9835305797795652
NdijQevlBWBIMFa,0.8482825205811886
FkrUpwwAADPavFm,0.0663929008084289
vYGYnVnSKZYIonU,0.5319261986056427
fHFwnZxmJiyRNKs,0.05596635227101756
LcdaRwrPyGYwJTJ,0.058034835565277436
NiEYhgbzmHRUOwD,0.938671232423934
NOMpJGPDcUWjOkK,0.5937177048351215
fqLboPOghcHQUIa,0.5441955672707953
HsPaLEhujqQNhOd,0.0482354771920134
vrztVtThpdXnclq,0.04836917183298157
lxsvObXNIeLzOSZ,0.3187955059238721
qzuDvqyrfvIgfZc,0.45520383573517204
iUfmPXhbJMUmrwE,0.2726144337691963
ouiiCVrtEZuuAFE,0.05322828558287415
yXmqsYwdYZhmxdT,0.9835305797795652
wYcdPuiEAEuKJnd,0.6664092619803181
VXejGNymeSvBBkG,0.3098622152712481
SFSQEUejfwvqQag,0.6188331927087325
GCIRJxGTmYxHeHP,0.5873993617723857
lvFFaEfqPdPCCAg,0.39495765304050073
ZELRvrWkDbGuiBi,0.36726532582924437
KXBMNdkhOOEUUIv,0.23845274661873836
OcDDMEjZkIrUfjY,0.678722406278741
ujzQblyCwPcAHkf,0.9019897667291488
tSJrOmSTPADytzC,0.34062637839108717
NDsHsdYRMpAargs,0.6298527063091688
mgXlLlhNIQkyOsM,0.1884041722706124
HxAMmJfVrRFYvdo,0.12460366635628944
AYNWCptcTAvAubC,0.13365676873246668
ELzjGcxVisoYinO,0.31969826045581534
XovJimbOiuUVxdI,0.7016235995090873
rNOtjSotntIsBvG,0.9434156436171092
vvjewHUhTJLUuno,0.31809095566691103
imXCVZPNaIphLdW,0.18433969758147514
bfSnuOQiLiSGYMH,0.06282988475731031
fbLQGogJRqCYgZe,0.44124021929307505
BbADzkTbDKTOlLF,0.29256944082590985
DkcyExPiEaWKiLT,0.31415132250996713
GmUTMPfeuwhcACb,0.9046411698991115
bgrexaMQuBgBwal,0.39990111379745696
GJOldoNlraAWuDQ,0.05220467296249951
hUOoAQDxqqOPbME,0.7472118860968732
yzvtaPJZIfkeMaW,0.5625614502836048
euJlxliuHPgGmiS,0.42427438915130544
JdMKpddGpaAEPRW,0.4401894428396717
ZFrAHUhBAJlDLez,0.2817549175967672
AQzzefJGjmEyzzo,0.0531002957678832
dRaFSWGyZvCWjLu,0.6234269166248428
EPPQujTAGoXMMHx,0.9613824438843193
IsEIwzGHwjRQuBw,0.2893454917388265
cmCSxweUuRWmRrf,0.9770748038318394
qObPQSDEszoUKbU,0.43746932403921346
AMieWBtjEbmFLkg,0.665494162327618
UwbUimwmXKnKHKD,0.653944304414607
mayfvmasfRluHDS,0.47778666206179193
nejzCFfvyEnTYju,0.1622354301426015
dfDYulmoQLXdCbt,0.5703342028494974
SAYogamasXRGOqG,0.2632214230262001
XpzbrxZGCQCsSQl,0.543828807642951
eGrcvEhdtMtKeyp,0.5994370536319017
hqvqETrQIYdcknM,0.5463949803758167
BltTLwMKcfJkcVR,0.8170652742269104
tJmghpPStPVfxOJ,0.07073235620518056
MTFOoyoJsmKPXHI,0.9709784571243205
NjxCabWqSzFHIcn,0.9006011660378298
wmpxHLeCUYfCGpz,0.51906895480492
JSnpkFBXNxSCtqW,0.3564887932376681
iwTFTjwIJzhOuDG,0.41269780772809816
MMgNQkHRhGJTTll,0.09200825233031
ZTaGGfOwRemLYjC,0.46232630115087536
NgWoPjowPFpIowL,0.5889921510702653
FXGHSoSaTBJRUSl,0.11809001705606588
JvDANZwmHFjTgSA,0.9367363330695717
DSovrrRDVhEiomC,0.13763708248583342
DSpiIGAVEnUzhvw,0.6943185306867099
FLwvMFWzxUgDoKq,0.17279383921472122
PwBsORArgLwAzIo,0.9491387571098845
yIpgIPbvCNRNFIE,0.3359697058083198
FOIDsiireCAXEgR,0.30085545230265487
MeSuNtGNHzWTnZw,0.09764346308492072
mZeRvaOfYmoUEjX,0.9835305797795652
BgJIoZAuWtwkKOh,0.2420408100887648
rwqAoAOHdRrQkGU,0.2428841449274809
EaxVgHpAOgufiSy,0.07466931190443173
vwNypLMgaIGeGzx,0.554488297047507
WaVnkZYSCbUfggq,0.5414591187944436
UHpupubyjlVNrrF,0.5169126952974568
gueaoiiptFpfnqq,0.6348761143236961
PiqmuLYZaScBHZN,0.2653656257463309
bVHmVtHqrRzYvMP,0.48548390558926513
McNFhsJPtbqnajF,0.2158339924491736
jTOeXKvFfHsctcq,0.1355227336464882
dZYkAsYQCOwfeQO,0.4860881846581301
MMicjczIRFJOcWX,0.23152815997726806
EtxlhZBzGVEooUm,0.14352969071114177
cUwcEomusmWokAC,0.9398600127962826
mBrVBxWksAQeNpP,0.3192553502867394
dWQreFMJiZLEIhX,0.7048901356655594
OVFUGjSfYhJyXME,0.38230119356604886
qdIZIBmDxOYMJyv,0.5491217993506651
msZtPyjJwWmDraR,0.057565659829503533
KKAMdvSvWWZqMBZ,0.1683381273483052
rvmGpbLflojNoVX,0.05447800608455077
pjfTbrctxBUuopX,0.361836178514051
EBtZXxXfycMyfgZ,0.19420667199931457
tkVLqsYeoBkHdDP,0.3004120446039992
zpyHhRNRsvolDHD,0.2282989959894103
VpKZadIvBBVVUqZ,0.5720444973932938
hLKBCQaJlFVmTqr,0.9835305797795652
arbJUJEHSkSQbTZ,0.9770748038318394
iEwyDtLFPEYFeIT,0.9533691685416149
cCuawwQCNnmkOCU,0.06218410617133653
ajXSDoDtPexCbsF,0.5206559988494496
gJuInawkNjjuevU,0.7554694578159692
ouJTHUgsAJLMxHW,0.7680125172681419
ycBQEyzgVDdDWjv,0.20271818017859394
NZGvHasahIBsiKp,0.8705837607796056
DFCNKXdwWLUHxop,0.11575624170915759
uVWdiLMIoJRWgIk,0.29739278434130595
dNUQmyaeOlPVfGx,0.06159767683011352
hopglQNzlORhsiE,0.4221208893181372
PoYNwOIClUbSzgl,0.46745292617902057
FwOlyWfhUFkVrtz,0.5671604925138751
DFmrUTVpvDNUuAi,0.38231986583049954
SHghWCrQVWjLFmv,0.8248169000739504
EtrSMgQTYUUvmbi,0.1377730991009682
ClcGLwDLUDLvcdg,0.42102856626416396
coPcYaWYiQWiWXz,0.6845784025961105
hmYwWVssvOMJvWd,0.10234981242933949
PJfbOBcQFNgoyGN,0.4228500085851071
bbfNMKpgXuAIoXr,0.9078519902707095
pnwdEqHVICAjriP,0.20791597153369673
btnLCrLRoRgerDs,0.08268082389637342
RZxsAAESJQJTUeQ,0.5960262506557152
DHzpbswbqXxKMBa,0.08551474755489741
fkARcRQsPwdstmT,0.21268355930332253
ogNiTKJEmKJyqcv,0.28916605652020144
VNFgChCAEanKnBW,0.9774807839954915
toGjHmonoldqasu,0.12136473734721383
XmzwMjkJgGoqRIk,0.3877322172522275
OwwedPescAHlNSY,0.8782832964670896
oMBBDCaHCUJEZwT,0.16561018146902248
fZWJuCqaKJRiaQv,0.602436063771301
gwAjofVsNIjqvnx,0.9070565634358472
FiSJEZHPgewRYxe,0.9835305797795652
prhObJPXwiujEmY,0.2597431002728181
NZCkawBsMvphFyg,0.30038662251781545
ycUuFXlDNdKWJgn,0.37566834535725663
ZQVOWVnrlGIEqmt,0.8664085098321057
ojvotGmRFnwleCL,0.3285133106848752
OdCZwrRVFqohDcO,0.8873601737704392
uHYykktIkmGQLBK,0.9520347650147089
bgqQDvrEaZqGLkQ,0.8562178377900511
HqxTdpIbowHCnME,0.18123470935218366
VDKsTeOLyqeKtGn,0.2977687216638043
NoobvAnHLlBBxlQ,0.810200233232594
DYThQsxbcsqbsbD,0.6430737414384019
ztorHQKWopYhlbU,0.25241002980854915
lEAEUeRIAqvhNzf,0.43267365062447793
GdduSlaHjFXhmVz,0.12491686537299797
YyGKXKVCiQehMmK,0.14752492677360057
bLqHLoFgCgtvSis,0.24188435241663692
WLMZTtasiDVTgWi,0.6373920862855663
wXelzQTbYShHkkF,0.9548906257720616
QPfqMHlCMfcnsgN,0.968047307448445
VCJZjkfZYBmRFZT,0.5049251806012315
IlifBVfGGNhEPdM,0.15685695675458322
YjtihecPQRIvQtB,0.052286061217963864
kdNVpVvenPxNOIn,0.9213005766451436
RSWKlAMHRdopgUb,0.06756775152637712
LsrljkqqRDWGjyW,0.27455495896256366
efAiymKjksLDCYn,0.3632944755839222
AYToEyUejmtjOjV,0.7182663496493916
PpoXYNpceRIfxbR,0.5050842336878756
lGFQPvqCpVrbXyh,0.09796606334602587
ScvcrMvWzxYDXKT,0.17894336850403703
yoCvGGTqBkvziFK,0.201449635182829
BmSrWvzrriPuQOh,0.09922361258045521
HfXCITRCHqrLOda,0.4908900470258853
uQLYKtTCnvWWGVu,0.4944350661405341
gYWbwjUOZrOlTzQ,0.6201826259502117
esJzIdnRkHNVvjq,0.2862133884330027
